Seed,Accuracy,F1 Score
1234,0.9011406844106464,0.9002794100702846
12345,0.9809885931558935,0.9808429118773946
3755754531,0.9695817490494296,0.9689922480620154
